{
  "project_info": {
    "project_number": "641095526224",
    "project_id": "movcomp-vjtr",
    "storage_bucket": "movcomp-vjtr.appspot.com"
  },
  "client": [
    {
      "client_info": {
        "mobilesdk_app_id": "1:641095526224:android:247cd20734e819bc1a6e55",
        "android_client_info": {
          "package_name": "com.example.movcompvjtr"
        }
      },
      "oauth_client": [
        {
          "client_id": "641095526224-3mhbuqctf0qcbfsrhg5o700vssin10c0.apps.googleusercontent.com",
          "client_type": 3
        }
      ],
      "api_key": [
        {
          "current_key": "AIzaSyB9HBJniRsKIRgFKDZsCLaFoU9UC15jjOA"
        }
      ],
      "services": {
        "appinvite_service": {
          "other_platform_oauth_client": [
            {
              "client_id": "641095526224-3mhbuqctf0qcbfsrhg5o700vssin10c0.apps.googleusercontent.com",
              "client_type": 3
            }
          ]
        }
      }
    }
  ],
  "configuration_version": "1"
}